[{"model": "admin.logentry", "pk": 1, "fields": {"action_time": "2021-10-15T13:22:48.519Z", "user": 1, "content_type": 9, "object_id": "1", "object_repr": "Franchise - Travis Scott Featuring Young Thug & M.I.A.", "action_flag": 1, "change_message": "[{\"added\": {}}]"}}, {"model": "admin.logentry", "pk": 2, "fields": {"action_time": "2021-10-15T13:23:32.542Z", "user": 1, "content_type": 9, "object_id": "2", "object_repr": "Dynamite - BTS", "action_flag": 1, "change_message": "[{\"added\": {}}]"}}, {"model": "admin.logentry", "pk": 3, "fields": {"action_time": "2021-10-15T13:23:54.259Z", "user": 1, "content_type": 9, "object_id": "3", "object_repr": "WAP - Cardi B Featuring Megan Thee Stallion", "action_flag": 1, "change_message": "[{\"added\": {}}]"}}, {"model": "admin.logentry", "pk": 4, "fields": {"action_time": "2021-10-15T13:24:10.054Z", "user": 1, "content_type": 9, "object_id": "4", "object_repr": "Laugh Now Cry Later - Drake Featuring Lil Durk", "action_flag": 1, "change_message": "[{\"added\": {}}]"}}, {"model": "admin.logentry", "pk": 5, "fields": {"action_time": "2021-10-15T13:24:31.074Z", "user": 1, "content_type": 9, "object_id": "5", "object_repr": "Mood - 24kGoldn Featuring iann dior", "action_flag": 1, "change_message": "[{\"added\": {}}]"}}, {"model": "admin.logentry", "pk": 6, "fields": {"action_time": "2021-10-15T13:24:40.517Z", "user": 1, "content_type": 9, "object_id": "6", "object_repr": "Watermelon Sugar - Harry Styles", "action_flag": 1, "change_message": "[{\"added\": {}}]"}}, {"model": "admin.logentry", "pk": 7, "fields": {"action_time": "2021-10-15T13:45:26.697Z", "user": 1, "content_type": 7, "object_id": "1", "object_repr": "uatla", "action_flag": 1, "change_message": "[{\"added\": {}}]"}}, {"model": "admin.logentry", "pk": 8, "fields": {"action_time": "2021-10-15T13:46:15.152Z", "user": 1, "content_type": 8, "object_id": "1", "object_repr": "1", "action_flag": 1, "change_message": "[{\"added\": {}}]"}}, {"model": "admin.logentry", "pk": 9, "fields": {"action_time": "2021-10-15T13:46:27.732Z", "user": 1, "content_type": 11, "object_id": "1", "object_repr": "OrderItem object (1)", "action_flag": 1, "change_message": "[{\"added\": {}}]"}}, {"model": "admin.logentry", "pk": 10, "fields": {"action_time": "2021-10-15T13:46:38.208Z", "user": 1, "content_type": 11, "object_id": "2", "object_repr": "OrderItem object (2)", "action_flag": 1, "change_message": "[{\"added\": {}}]"}}, {"model": "admin.logentry", "pk": 11, "fields": {"action_time": "2021-10-15T13:46:46.752Z", "user": 1, "content_type": 11, "object_id": "3", "object_repr": "OrderItem object (3)", "action_flag": 1, "change_message": "[{\"added\": {}}]"}}, {"model": "admin.logentry", "pk": 12, "fields": {"action_time": "2021-10-17T17:31:55.620Z", "user": 1, "content_type": 9, "object_id": "1", "object_repr": "Franchise - Travis Scott Featuring Young Thug & M.I.A.", "action_flag": 2, "change_message": "[{\"changed\": {\"fields\": [\"Digital\"]}}]"}}, {"model": "admin.logentry", "pk": 13, "fields": {"action_time": "2021-10-18T12:20:31.462Z", "user": 1, "content_type": 8, "object_id": "2", "object_repr": "2", "action_flag": 3, "change_message": ""}}, {"model": "admin.logentry", "pk": 14, "fields": {"action_time": "2021-10-18T12:30:48.228Z", "user": 1, "content_type": 8, "object_id": "3", "object_repr": "3", "action_flag": 3, "change_message": ""}}, {"model": "admin.logentry", "pk": 15, "fields": {"action_time": "2021-10-18T12:30:48.229Z", "user": 1, "content_type": 8, "object_id": "1", "object_repr": "1", "action_flag": 3, "change_message": ""}}, {"model": "admin.logentry", "pk": 16, "fields": {"action_time": "2021-10-18T13:24:35.352Z", "user": 1, "content_type": 8, "object_id": "5", "object_repr": "5", "action_flag": 3, "change_message": ""}}, {"model": "admin.logentry", "pk": 17, "fields": {"action_time": "2021-10-19T10:10:55.515Z", "user": 1, "content_type": 8, "object_id": "6", "object_repr": "6", "action_flag": 3, "change_message": ""}}, {"model": "admin.logentry", "pk": 18, "fields": {"action_time": "2021-10-19T13:13:41.435Z", "user": 1, "content_type": 4, "object_id": "2", "object_repr": "gabriel", "action_flag": 1, "change_message": "[{\"added\": {}}]"}}, {"model": "admin.logentry", "pk": 19, "fields": {"action_time": "2021-10-19T13:14:00.155Z", "user": 1, "content_type": 4, "object_id": "2", "object_repr": "gabriel", "action_flag": 2, "change_message": "[{\"changed\": {\"fields\": [\"Email address\"]}}]"}}, {"model": "admin.logentry", "pk": 20, "fields": {"action_time": "2021-10-19T13:14:47.508Z", "user": 1, "content_type": 4, "object_id": "2", "object_repr": "gabriel", "action_flag": 2, "change_message": "[]"}}, {"model": "admin.logentry", "pk": 21, "fields": {"action_time": "2021-10-19T13:16:01.057Z", "user": 1, "content_type": 4, "object_id": "2", "object_repr": "gabriel", "action_flag": 2, "change_message": "[{\"changed\": {\"fields\": [\"Staff status\"]}}]"}}, {"model": "admin.logentry", "pk": 22, "fields": {"action_time": "2021-10-19T13:17:42.385Z", "user": 1, "content_type": 7, "object_id": "2", "object_repr": "Gabriel Sezaltino", "action_flag": 1, "change_message": "[{\"added\": {}}]"}}, {"model": "admin.logentry", "pk": 23, "fields": {"action_time": "2021-11-05T14:08:39.861Z", "user": 1, "content_type": 9, "object_id": "7", "object_repr": "Eminem - Rap God", "action_flag": 1, "change_message": "[{\"added\": {}}]"}}, {"model": "admin.logentry", "pk": 24, "fields": {"action_time": "2021-11-05T14:22:20.667Z", "user": 1, "content_type": 9, "object_id": "8", "object_repr": "Snoop Dogg - CEO", "action_flag": 1, "change_message": "[{\"added\": {}}]"}}, {"model": "admin.logentry", "pk": 25, "fields": {"action_time": "2021-11-05T14:23:59.694Z", "user": 1, "content_type": 9, "object_id": "9", "object_repr": "Dr. Dre Feat. Snoop Dogg: Still D.R.E.", "action_flag": 1, "change_message": "[{\"added\": {}}]"}}, {"model": "admin.logentry", "pk": 26, "fields": {"action_time": "2021-11-05T14:26:37.582Z", "user": 1, "content_type": 9, "object_id": "10", "object_repr": "Groove Armada - My Friend", "action_flag": 1, "change_message": "[{\"added\": {}}]"}}, {"model": "admin.logentry", "pk": 27, "fields": {"action_time": "2021-11-05T14:49:50.620Z", "user": 1, "content_type": 9, "object_id": "11", "object_repr": "Be Kind - Marshmello & Halsey", "action_flag": 1, "change_message": "[{\"added\": {}}]"}}, {"model": "admin.logentry", "pk": 28, "fields": {"action_time": "2021-11-05T14:50:20.394Z", "user": 1, "content_type": 9, "object_id": "12", "object_repr": "Perfect - Logic", "action_flag": 1, "change_message": "[{\"added\": {}}]"}}, {"model": "admin.logentry", "pk": 29, "fields": {"action_time": "2021-11-05T14:50:33.890Z", "user": 1, "content_type": 9, "object_id": "13", "object_repr": "Need It - Migos Featuring YoungBoy Never Broke Again", "action_flag": 1, "change_message": "[{\"added\": {}}]"}}, {"model": "admin.logentry", "pk": 30, "fields": {"action_time": "2021-11-05T14:50:54.734Z", "user": 1, "content_type": 9, "object_id": "14", "object_repr": "Something Special - Pop Smoke", "action_flag": 1, "change_message": "[{\"added\": {}}]"}}, {"model": "admin.logentry", "pk": 31, "fields": {"action_time": "2021-11-05T14:51:23.213Z", "user": 1, "content_type": 9, "object_id": "15", "object_repr": "Go! - Kid LAROI & Juice WRLD", "action_flag": 1, "change_message": "[{\"added\": {}}]"}}, {"model": "admin.logentry", "pk": 32, "fields": {"action_time": "2021-11-05T14:53:20.351Z", "user": 1, "content_type": 9, "object_id": "11", "object_repr": "Be Kind - Marshmello & Halsey", "action_flag": 2, "change_message": "[{\"changed\": {\"fields\": [\"Image\"]}}]"}}, {"model": "admin.logentry", "pk": 33, "fields": {"action_time": "2021-11-05T14:54:01.280Z", "user": 1, "content_type": 9, "object_id": "12", "object_repr": "Perfect - Logic", "action_flag": 2, "change_message": "[{\"changed\": {\"fields\": [\"Image\"]}}]"}}, {"model": "admin.logentry", "pk": 34, "fields": {"action_time": "2021-11-05T14:54:44.100Z", "user": 1, "content_type": 9, "object_id": "13", "object_repr": "Need It - Migos Featuring YoungBoy Never Broke Again", "action_flag": 2, "change_message": "[{\"changed\": {\"fields\": [\"Image\"]}}]"}}, {"model": "admin.logentry", "pk": 35, "fields": {"action_time": "2021-11-05T14:55:22.215Z", "user": 1, "content_type": 9, "object_id": "14", "object_repr": "Something Special - Pop Smoke", "action_flag": 2, "change_message": "[{\"changed\": {\"fields\": [\"Image\"]}}]"}}, {"model": "admin.logentry", "pk": 36, "fields": {"action_time": "2021-11-05T14:56:09.839Z", "user": 1, "content_type": 9, "object_id": "15", "object_repr": "Go! - Kid LAROI & Juice WRLD", "action_flag": 2, "change_message": "[{\"changed\": {\"fields\": [\"Image\"]}}]"}}, {"model": "admin.logentry", "pk": 37, "fields": {"action_time": "2021-11-05T14:57:01.789Z", "user": 1, "content_type": 9, "object_id": "16", "object_repr": "God Whispered Your Name - Keith Urban", "action_flag": 1, "change_message": "[{\"added\": {}}]"}}, {"model": "admin.logentry", "pk": 38, "fields": {"action_time": "2021-11-05T14:57:38.605Z", "user": 1, "content_type": 9, "object_id": "17", "object_repr": "Stuck With U - Ariana Grande & Justin Bieber", "action_flag": 1, "change_message": "[{\"added\": {}}]"}}, {"model": "admin.logentry", "pk": 39, "fields": {"action_time": "2021-11-05T14:59:11.963Z", "user": 1, "content_type": 9, "object_id": "18", "object_repr": "Righteous - Juice WRLD", "action_flag": 1, "change_message": "[{\"added\": {}}]"}}, {"model": "admin.logentry", "pk": 40, "fields": {"action_time": "2021-11-05T15:00:37.113Z", "user": 1, "content_type": 9, "object_id": "19", "object_repr": "Don't Rush - Young T & Bugsey Featuring Headie One", "action_flag": 1, "change_message": "[{\"added\": {}}]"}}, {"model": "admin.logentry", "pk": 41, "fields": {"action_time": "2021-11-05T15:01:40.615Z", "user": 1, "content_type": 9, "object_id": "20", "object_repr": "Mamacita - Black Eyed Peas, Ozuna + J.Rey Soul", "action_flag": 1, "change_message": "[{\"added\": {}}]"}}, {"model": "admin.logentry", "pk": 42, "fields": {"action_time": "2021-11-05T15:02:22.630Z", "user": 1, "content_type": 9, "object_id": "21", "object_repr": "Life's A Mess - Juice WRLD X Halsey", "action_flag": 1, "change_message": "[{\"added\": {}}]"}}, {"model": "admin.logentry", "pk": 43, "fields": {"action_time": "2021-11-05T15:02:58.303Z", "user": 1, "content_type": 9, "object_id": "22", "object_repr": "Why We Drink - Justin Moore", "action_flag": 1, "change_message": "[{\"added\": {}}]"}}, {"model": "admin.logentry", "pk": 44, "fields": {"action_time": "2021-11-05T15:03:25.181Z", "user": 1, "content_type": 9, "object_id": "22", "object_repr": "Why We Drink - Justin Moore", "action_flag": 2, "change_message": "[{\"changed\": {\"fields\": [\"Image\"]}}]"}}, {"model": "admin.logentry", "pk": 45, "fields": {"action_time": "2021-11-05T15:04:20.941Z", "user": 1, "content_type": 9, "object_id": "23", "object_repr": "Be A Light - Thomas Rhett Featuring Reba McEntire, Hillary Scott, Chris Tomlin & Keith Urban", "action_flag": 1, "change_message": "[{\"added\": {}}]"}}, {"model": "admin.logentry", "pk": 46, "fields": {"action_time": "2021-11-05T15:05:52.019Z", "user": 1, "content_type": 9, "object_id": "24", "object_repr": "Toosie Slide - Drake", "action_flag": 1, "change_message": "[{\"added\": {}}]"}}, {"model": "admin.logentry", "pk": 47, "fields": {"action_time": "2021-11-05T15:06:54.984Z", "user": 1, "content_type": 9, "object_id": "25", "object_repr": "Conversations - Juice WRLD", "action_flag": 1, "change_message": "[{\"added\": {}}]"}}, {"model": "admin.logentry", "pk": 48, "fields": {"action_time": "2021-11-05T15:07:33.386Z", "user": 1, "content_type": 9, "object_id": "26", "object_repr": "Hate The Other Side - Juice WRLD & Marshmello Featuring Polo G & The Kid LAROI", "action_flag": 1, "change_message": "[{\"added\": {}}]"}}, {"model": "admin.logentry", "pk": 49, "fields": {"action_time": "2021-11-05T15:08:35.315Z", "user": 1, "content_type": 9, "object_id": "27", "object_repr": "Hoax - Taylor Swift", "action_flag": 1, "change_message": "[{\"added\": {}}]"}}, {"model": "admin.logentry", "pk": 50, "fields": {"action_time": "2021-11-05T15:25:04.080Z", "user": 1, "content_type": 9, "object_id": "28", "object_repr": "Walk Em Down - NLE Choppa Featuring Roddy Ricch", "action_flag": 1, "change_message": "[{\"added\": {}}]"}}, {"model": "admin.logentry", "pk": 51, "fields": {"action_time": "2021-11-05T15:26:46.519Z", "user": 1, "content_type": 9, "object_id": "29", "object_repr": "I Love My Country - Florida Georgia Line", "action_flag": 1, "change_message": "[{\"added\": {}}]"}}, {"model": "admin.logentry", "pk": 52, "fields": {"action_time": "2021-11-05T15:27:42.736Z", "user": 1, "content_type": 9, "object_id": "30", "object_repr": "Done - Chris Janson", "action_flag": 1, "change_message": "[{\"added\": {}}]"}}, {"model": "admin.logentry", "pk": 53, "fields": {"action_time": "2021-11-05T15:28:52.623Z", "user": 1, "content_type": 9, "object_id": "31", "object_repr": "Supalonely - BENEE Featuring Gus Dapperton", "action_flag": 1, "change_message": "[{\"added\": {}}]"}}, {"model": "admin.logentry", "pk": 54, "fields": {"action_time": "2021-11-05T15:30:16.080Z", "user": 1, "content_type": 9, "object_id": "32", "object_repr": "Epiphany - Taylor Swift", "action_flag": 1, "change_message": "[{\"added\": {}}]"}}, {"model": "admin.logentry", "pk": 55, "fields": {"action_time": "2021-11-05T15:31:00.419Z", "user": 1, "content_type": 9, "object_id": "33", "object_repr": "Emotionally Scarred - Lil Baby", "action_flag": 1, "change_message": "[{\"added\": {}}]"}}, {"model": "admin.logentry", "pk": 56, "fields": {"action_time": "2021-11-05T15:31:19.232Z", "user": 1, "content_type": 9, "object_id": "34", "object_repr": "One Big Country Song - LOCASH", "action_flag": 1, "change_message": "[{\"added\": {}}]"}}, {"model": "admin.logentry", "pk": 57, "fields": {"action_time": "2021-11-05T15:31:54.646Z", "user": 1, "content_type": 9, "object_id": "34", "object_repr": "One Big Country Song - LOCASH", "action_flag": 2, "change_message": "[{\"changed\": {\"fields\": [\"Image\"]}}]"}}, {"model": "admin.logentry", "pk": 58, "fields": {"action_time": "2021-11-05T15:32:15.393Z", "user": 1, "content_type": 9, "object_id": "34", "object_repr": "One Big Country Song - LOCASH", "action_flag": 2, "change_message": "[{\"changed\": {\"fields\": [\"Image\"]}}]"}}, {"model": "admin.logentry", "pk": 59, "fields": {"action_time": "2021-11-05T15:32:47.670Z", "user": 1, "content_type": 9, "object_id": "34", "object_repr": "One Big Country Song - LOCASH", "action_flag": 2, "change_message": "[{\"changed\": {\"fields\": [\"Image\"]}}]"}}, {"model": "admin.logentry", "pk": 60, "fields": {"action_time": "2021-11-05T15:33:29.037Z", "user": 1, "content_type": 9, "object_id": "35", "object_repr": "the.climb.back - J. Cole", "action_flag": 1, "change_message": "[{\"added\": {}}]"}}, {"model": "admin.logentry", "pk": 61, "fields": {"action_time": "2021-11-05T15:34:18.855Z", "user": 1, "content_type": 9, "object_id": "36", "object_repr": "Lion King On Ice - J. Cole", "action_flag": 1, "change_message": "[{\"added\": {}}]"}}, {"model": "admin.logentry", "pk": 62, "fields": {"action_time": "2021-11-10T19:52:53.935Z", "user": 1, "content_type": 12, "object_id": "1", "object_repr": "Evaluation object (1)", "action_flag": 1, "change_message": "[{\"added\": {}}]"}}, {"model": "admin.logentry", "pk": 63, "fields": {"action_time": "2021-11-10T20:46:54.867Z", "user": 1, "content_type": 12, "object_id": "2", "object_repr": "Evaluation object (2)", "action_flag": 1, "change_message": "[{\"added\": {}}]"}}, {"model": "admin.logentry", "pk": 64, "fields": {"action_time": "2021-11-11T14:27:17.890Z", "user": 1, "content_type": 12, "object_id": "1", "object_repr": "Evaluation object (1)", "action_flag": 1, "change_message": "[{\"added\": {}}]"}}, {"model": "admin.logentry", "pk": 65, "fields": {"action_time": "2021-11-11T15:46:12.077Z", "user": 1, "content_type": 12, "object_id": "15", "object_repr": "Evaluation object (15)", "action_flag": 3, "change_message": ""}}, {"model": "admin.logentry", "pk": 66, "fields": {"action_time": "2021-11-11T15:46:12.079Z", "user": 1, "content_type": 12, "object_id": "14", "object_repr": "Evaluation object (14)", "action_flag": 3, "change_message": ""}}, {"model": "admin.logentry", "pk": 67, "fields": {"action_time": "2021-11-11T15:46:12.081Z", "user": 1, "content_type": 12, "object_id": "13", "object_repr": "Evaluation object (13)", "action_flag": 3, "change_message": ""}}, {"model": "admin.logentry", "pk": 68, "fields": {"action_time": "2021-11-11T15:46:12.083Z", "user": 1, "content_type": 12, "object_id": "12", "object_repr": "Evaluation object (12)", "action_flag": 3, "change_message": ""}}, {"model": "admin.logentry", "pk": 69, "fields": {"action_time": "2021-11-11T15:46:12.084Z", "user": 1, "content_type": 12, "object_id": "11", "object_repr": "Evaluation object (11)", "action_flag": 3, "change_message": ""}}, {"model": "admin.logentry", "pk": 70, "fields": {"action_time": "2021-11-11T15:46:12.086Z", "user": 1, "content_type": 12, "object_id": "10", "object_repr": "Evaluation object (10)", "action_flag": 3, "change_message": ""}}, {"model": "admin.logentry", "pk": 71, "fields": {"action_time": "2021-11-11T15:46:12.087Z", "user": 1, "content_type": 12, "object_id": "9", "object_repr": "Evaluation object (9)", "action_flag": 3, "change_message": ""}}, {"model": "admin.logentry", "pk": 72, "fields": {"action_time": "2021-11-12T13:23:10.365Z", "user": 1, "content_type": 8, "object_id": "26", "object_repr": "26", "action_flag": 3, "change_message": ""}}, {"model": "admin.logentry", "pk": 73, "fields": {"action_time": "2021-11-12T13:23:10.367Z", "user": 1, "content_type": 8, "object_id": "25", "object_repr": "25", "action_flag": 3, "change_message": ""}}, {"model": "admin.logentry", "pk": 74, "fields": {"action_time": "2021-11-12T13:23:10.369Z", "user": 1, "content_type": 8, "object_id": "24", "object_repr": "24", "action_flag": 3, "change_message": ""}}, {"model": "admin.logentry", "pk": 75, "fields": {"action_time": "2021-11-12T13:23:10.370Z", "user": 1, "content_type": 8, "object_id": "23", "object_repr": "23", "action_flag": 3, "change_message": ""}}, {"model": "admin.logentry", "pk": 76, "fields": {"action_time": "2021-11-12T13:23:10.371Z", "user": 1, "content_type": 8, "object_id": "22", "object_repr": "22", "action_flag": 3, "change_message": ""}}, {"model": "admin.logentry", "pk": 77, "fields": {"action_time": "2021-11-12T13:23:10.373Z", "user": 1, "content_type": 8, "object_id": "21", "object_repr": "21", "action_flag": 3, "change_message": ""}}, {"model": "admin.logentry", "pk": 78, "fields": {"action_time": "2021-11-12T13:23:10.374Z", "user": 1, "content_type": 8, "object_id": "20", "object_repr": "20", "action_flag": 3, "change_message": ""}}, {"model": "admin.logentry", "pk": 79, "fields": {"action_time": "2021-11-12T13:23:10.375Z", "user": 1, "content_type": 8, "object_id": "19", "object_repr": "19", "action_flag": 3, "change_message": ""}}, {"model": "admin.logentry", "pk": 80, "fields": {"action_time": "2021-11-12T13:23:10.377Z", "user": 1, "content_type": 8, "object_id": "18", "object_repr": "18", "action_flag": 3, "change_message": ""}}, {"model": "admin.logentry", "pk": 81, "fields": {"action_time": "2021-11-12T13:23:10.378Z", "user": 1, "content_type": 8, "object_id": "17", "object_repr": "17", "action_flag": 3, "change_message": ""}}, {"model": "admin.logentry", "pk": 82, "fields": {"action_time": "2021-11-12T13:23:10.379Z", "user": 1, "content_type": 8, "object_id": "16", "object_repr": "16", "action_flag": 3, "change_message": ""}}, {"model": "admin.logentry", "pk": 83, "fields": {"action_time": "2021-11-12T13:23:10.380Z", "user": 1, "content_type": 8, "object_id": "15", "object_repr": "15", "action_flag": 3, "change_message": ""}}, {"model": "admin.logentry", "pk": 84, "fields": {"action_time": "2021-11-12T13:23:10.381Z", "user": 1, "content_type": 8, "object_id": "14", "object_repr": "14", "action_flag": 3, "change_message": ""}}, {"model": "admin.logentry", "pk": 85, "fields": {"action_time": "2021-11-12T13:23:10.382Z", "user": 1, "content_type": 8, "object_id": "13", "object_repr": "13", "action_flag": 3, "change_message": ""}}, {"model": "admin.logentry", "pk": 86, "fields": {"action_time": "2021-11-12T13:23:10.383Z", "user": 1, "content_type": 8, "object_id": "12", "object_repr": "12", "action_flag": 3, "change_message": ""}}, {"model": "admin.logentry", "pk": 87, "fields": {"action_time": "2021-11-12T13:23:10.385Z", "user": 1, "content_type": 8, "object_id": "11", "object_repr": "11", "action_flag": 3, "change_message": ""}}, {"model": "admin.logentry", "pk": 88, "fields": {"action_time": "2021-11-12T13:23:10.386Z", "user": 1, "content_type": 8, "object_id": "10", "object_repr": "10", "action_flag": 3, "change_message": ""}}, {"model": "admin.logentry", "pk": 89, "fields": {"action_time": "2021-11-12T13:23:10.387Z", "user": 1, "content_type": 8, "object_id": "9", "object_repr": "9", "action_flag": 3, "change_message": ""}}, {"model": "admin.logentry", "pk": 90, "fields": {"action_time": "2021-11-12T13:23:10.388Z", "user": 1, "content_type": 8, "object_id": "8", "object_repr": "8", "action_flag": 3, "change_message": ""}}, {"model": "admin.logentry", "pk": 91, "fields": {"action_time": "2021-11-12T13:23:10.390Z", "user": 1, "content_type": 8, "object_id": "7", "object_repr": "7", "action_flag": 3, "change_message": ""}}, {"model": "admin.logentry", "pk": 92, "fields": {"action_time": "2021-11-12T13:23:10.391Z", "user": 1, "content_type": 8, "object_id": "4", "object_repr": "4", "action_flag": 3, "change_message": ""}}, {"model": "admin.logentry", "pk": 93, "fields": {"action_time": "2021-11-12T13:23:17.630Z", "user": 1, "content_type": 11, "object_id": "67", "object_repr": "OrderItem object (67)", "action_flag": 3, "change_message": ""}}, {"model": "admin.logentry", "pk": 94, "fields": {"action_time": "2021-11-12T13:23:17.632Z", "user": 1, "content_type": 11, "object_id": "66", "object_repr": "OrderItem object (66)", "action_flag": 3, "change_message": ""}}, {"model": "admin.logentry", "pk": 95, "fields": {"action_time": "2021-11-12T13:23:17.633Z", "user": 1, "content_type": 11, "object_id": "65", "object_repr": "OrderItem object (65)", "action_flag": 3, "change_message": ""}}, {"model": "admin.logentry", "pk": 96, "fields": {"action_time": "2021-11-12T13:23:17.635Z", "user": 1, "content_type": 11, "object_id": "64", "object_repr": "OrderItem object (64)", "action_flag": 3, "change_message": ""}}, {"model": "admin.logentry", "pk": 97, "fields": {"action_time": "2021-11-12T13:23:17.637Z", "user": 1, "content_type": 11, "object_id": "63", "object_repr": "OrderItem object (63)", "action_flag": 3, "change_message": ""}}, {"model": "admin.logentry", "pk": 98, "fields": {"action_time": "2021-11-12T13:23:17.638Z", "user": 1, "content_type": 11, "object_id": "62", "object_repr": "OrderItem object (62)", "action_flag": 3, "change_message": ""}}, {"model": "admin.logentry", "pk": 99, "fields": {"action_time": "2021-11-12T13:23:17.640Z", "user": 1, "content_type": 11, "object_id": "61", "object_repr": "OrderItem object (61)", "action_flag": 3, "change_message": ""}}, {"model": "admin.logentry", "pk": 100, "fields": {"action_time": "2021-11-12T13:23:17.642Z", "user": 1, "content_type": 11, "object_id": "60", "object_repr": "OrderItem object (60)", "action_flag": 3, "change_message": ""}}, {"model": "admin.logentry", "pk": 101, "fields": {"action_time": "2021-11-12T13:23:17.644Z", "user": 1, "content_type": 11, "object_id": "59", "object_repr": "OrderItem object (59)", "action_flag": 3, "change_message": ""}}, {"model": "admin.logentry", "pk": 102, "fields": {"action_time": "2021-11-12T13:23:17.646Z", "user": 1, "content_type": 11, "object_id": "58", "object_repr": "OrderItem object (58)", "action_flag": 3, "change_message": ""}}, {"model": "admin.logentry", "pk": 103, "fields": {"action_time": "2021-11-12T13:23:17.648Z", "user": 1, "content_type": 11, "object_id": "57", "object_repr": "OrderItem object (57)", "action_flag": 3, "change_message": ""}}, {"model": "admin.logentry", "pk": 104, "fields": {"action_time": "2021-11-12T13:23:17.650Z", "user": 1, "content_type": 11, "object_id": "56", "object_repr": "OrderItem object (56)", "action_flag": 3, "change_message": ""}}, {"model": "admin.logentry", "pk": 105, "fields": {"action_time": "2021-11-12T13:23:17.652Z", "user": 1, "content_type": 11, "object_id": "55", "object_repr": "OrderItem object (55)", "action_flag": 3, "change_message": ""}}, {"model": "admin.logentry", "pk": 106, "fields": {"action_time": "2021-11-12T13:23:17.654Z", "user": 1, "content_type": 11, "object_id": "54", "object_repr": "OrderItem object (54)", "action_flag": 3, "change_message": ""}}, {"model": "admin.logentry", "pk": 107, "fields": {"action_time": "2021-11-12T13:23:17.655Z", "user": 1, "content_type": 11, "object_id": "53", "object_repr": "OrderItem object (53)", "action_flag": 3, "change_message": ""}}, {"model": "admin.logentry", "pk": 108, "fields": {"action_time": "2021-11-12T13:23:17.657Z", "user": 1, "content_type": 11, "object_id": "45", "object_repr": "OrderItem object (45)", "action_flag": 3, "change_message": ""}}, {"model": "admin.logentry", "pk": 109, "fields": {"action_time": "2021-11-12T13:23:17.659Z", "user": 1, "content_type": 11, "object_id": "44", "object_repr": "OrderItem object (44)", "action_flag": 3, "change_message": ""}}, {"model": "admin.logentry", "pk": 110, "fields": {"action_time": "2021-11-12T13:23:17.660Z", "user": 1, "content_type": 11, "object_id": "43", "object_repr": "OrderItem object (43)", "action_flag": 3, "change_message": ""}}, {"model": "admin.logentry", "pk": 111, "fields": {"action_time": "2021-11-12T13:23:17.662Z", "user": 1, "content_type": 11, "object_id": "42", "object_repr": "OrderItem object (42)", "action_flag": 3, "change_message": ""}}, {"model": "admin.logentry", "pk": 112, "fields": {"action_time": "2021-11-12T13:23:17.664Z", "user": 1, "content_type": 11, "object_id": "41", "object_repr": "OrderItem object (41)", "action_flag": 3, "change_message": ""}}, {"model": "admin.logentry", "pk": 113, "fields": {"action_time": "2021-11-12T13:23:17.665Z", "user": 1, "content_type": 11, "object_id": "40", "object_repr": "OrderItem object (40)", "action_flag": 3, "change_message": ""}}, {"model": "admin.logentry", "pk": 114, "fields": {"action_time": "2021-11-12T13:23:17.667Z", "user": 1, "content_type": 11, "object_id": "34", "object_repr": "OrderItem object (34)", "action_flag": 3, "change_message": ""}}, {"model": "admin.logentry", "pk": 115, "fields": {"action_time": "2021-11-12T13:23:17.669Z", "user": 1, "content_type": 11, "object_id": "33", "object_repr": "OrderItem object (33)", "action_flag": 3, "change_message": ""}}, {"model": "admin.logentry", "pk": 116, "fields": {"action_time": "2021-11-12T13:23:17.670Z", "user": 1, "content_type": 11, "object_id": "32", "object_repr": "OrderItem object (32)", "action_flag": 3, "change_message": ""}}, {"model": "admin.logentry", "pk": 117, "fields": {"action_time": "2021-11-12T13:23:17.672Z", "user": 1, "content_type": 11, "object_id": "30", "object_repr": "OrderItem object (30)", "action_flag": 3, "change_message": ""}}, {"model": "admin.logentry", "pk": 118, "fields": {"action_time": "2021-11-12T13:23:17.674Z", "user": 1, "content_type": 11, "object_id": "26", "object_repr": "OrderItem object (26)", "action_flag": 3, "change_message": ""}}, {"model": "admin.logentry", "pk": 119, "fields": {"action_time": "2021-11-12T13:23:17.676Z", "user": 1, "content_type": 11, "object_id": "25", "object_repr": "OrderItem object (25)", "action_flag": 3, "change_message": ""}}, {"model": "admin.logentry", "pk": 120, "fields": {"action_time": "2021-11-12T13:23:17.677Z", "user": 1, "content_type": 11, "object_id": "24", "object_repr": "OrderItem object (24)", "action_flag": 3, "change_message": ""}}, {"model": "admin.logentry", "pk": 121, "fields": {"action_time": "2021-11-12T13:23:17.679Z", "user": 1, "content_type": 11, "object_id": "23", "object_repr": "OrderItem object (23)", "action_flag": 3, "change_message": ""}}, {"model": "admin.logentry", "pk": 122, "fields": {"action_time": "2021-11-12T13:23:17.681Z", "user": 1, "content_type": 11, "object_id": "22", "object_repr": "OrderItem object (22)", "action_flag": 3, "change_message": ""}}, {"model": "admin.logentry", "pk": 123, "fields": {"action_time": "2021-11-12T13:26:33.235Z", "user": 1, "content_type": 4, "object_id": "1", "object_repr": "uatla", "action_flag": 2, "change_message": "[{\"changed\": {\"fields\": [\"Email address\", \"Last login\"]}}]"}}, {"model": "admin.logentry", "pk": 124, "fields": {"action_time": "2021-11-12T13:27:57.346Z", "user": 1, "content_type": 8, "object_id": "28", "object_repr": "28", "action_flag": 3, "change_message": ""}}, {"model": "admin.logentry", "pk": 125, "fields": {"action_time": "2021-11-12T13:27:57.348Z", "user": 1, "content_type": 8, "object_id": "27", "object_repr": "27", "action_flag": 3, "change_message": ""}}, {"model": "admin.logentry", "pk": 126, "fields": {"action_time": "2021-11-12T13:28:02.091Z", "user": 1, "content_type": 11, "object_id": "73", "object_repr": "OrderItem object (73)", "action_flag": 3, "change_message": ""}}, {"model": "admin.logentry", "pk": 127, "fields": {"action_time": "2021-11-12T13:28:02.092Z", "user": 1, "content_type": 11, "object_id": "72", "object_repr": "OrderItem object (72)", "action_flag": 3, "change_message": ""}}, {"model": "admin.logentry", "pk": 128, "fields": {"action_time": "2021-11-12T13:28:02.093Z", "user": 1, "content_type": 11, "object_id": "71", "object_repr": "OrderItem object (71)", "action_flag": 3, "change_message": ""}}, {"model": "admin.logentry", "pk": 129, "fields": {"action_time": "2021-11-12T13:28:02.094Z", "user": 1, "content_type": 11, "object_id": "70", "object_repr": "OrderItem object (70)", "action_flag": 3, "change_message": ""}}, {"model": "admin.logentry", "pk": 130, "fields": {"action_time": "2021-11-12T13:28:02.096Z", "user": 1, "content_type": 11, "object_id": "69", "object_repr": "OrderItem object (69)", "action_flag": 3, "change_message": ""}}, {"model": "admin.logentry", "pk": 131, "fields": {"action_time": "2021-11-12T13:28:02.097Z", "user": 1, "content_type": 11, "object_id": "68", "object_repr": "OrderItem object (68)", "action_flag": 3, "change_message": ""}}, {"model": "admin.logentry", "pk": 132, "fields": {"action_time": "2021-11-12T13:30:35.792Z", "user": 1, "content_type": 8, "object_id": "29", "object_repr": "29", "action_flag": 3, "change_message": ""}}, {"model": "admin.logentry", "pk": 133, "fields": {"action_time": "2021-11-12T13:34:09.646Z", "user": 1, "content_type": 8, "object_id": "30", "object_repr": "30", "action_flag": 3, "change_message": ""}}, {"model": "admin.logentry", "pk": 134, "fields": {"action_time": "2021-11-12T13:34:16.149Z", "user": 1, "content_type": 11, "object_id": "76", "object_repr": "OrderItem object (76)", "action_flag": 3, "change_message": ""}}, {"model": "admin.logentry", "pk": 135, "fields": {"action_time": "2021-11-12T13:34:16.151Z", "user": 1, "content_type": 11, "object_id": "75", "object_repr": "OrderItem object (75)", "action_flag": 3, "change_message": ""}}, {"model": "admin.logentry", "pk": 136, "fields": {"action_time": "2021-11-12T13:34:16.153Z", "user": 1, "content_type": 11, "object_id": "74", "object_repr": "OrderItem object (74)", "action_flag": 3, "change_message": ""}}, {"model": "admin.logentry", "pk": 137, "fields": {"action_time": "2021-11-12T13:36:43.063Z", "user": 1, "content_type": 8, "object_id": "31", "object_repr": "31", "action_flag": 3, "change_message": ""}}, {"model": "admin.logentry", "pk": 138, "fields": {"action_time": "2021-11-12T13:36:49.060Z", "user": 1, "content_type": 11, "object_id": "79", "object_repr": "OrderItem object (79)", "action_flag": 3, "change_message": ""}}, {"model": "admin.logentry", "pk": 139, "fields": {"action_time": "2021-11-12T13:36:49.062Z", "user": 1, "content_type": 11, "object_id": "78", "object_repr": "OrderItem object (78)", "action_flag": 3, "change_message": ""}}, {"model": "admin.logentry", "pk": 140, "fields": {"action_time": "2021-11-12T13:36:49.064Z", "user": 1, "content_type": 11, "object_id": "77", "object_repr": "OrderItem object (77)", "action_flag": 3, "change_message": ""}}, {"model": "admin.logentry", "pk": 141, "fields": {"action_time": "2021-11-12T13:47:59.906Z", "user": 1, "content_type": 8, "object_id": "33", "object_repr": "33", "action_flag": 3, "change_message": ""}}, {"model": "admin.logentry", "pk": 142, "fields": {"action_time": "2021-11-12T13:48:06.874Z", "user": 1, "content_type": 8, "object_id": "32", "object_repr": "32", "action_flag": 3, "change_message": ""}}, {"model": "admin.logentry", "pk": 143, "fields": {"action_time": "2021-11-12T13:48:12.568Z", "user": 1, "content_type": 11, "object_id": "88", "object_repr": "OrderItem object (88)", "action_flag": 3, "change_message": ""}}, {"model": "admin.logentry", "pk": 144, "fields": {"action_time": "2021-11-12T13:48:12.570Z", "user": 1, "content_type": 11, "object_id": "87", "object_repr": "OrderItem object (87)", "action_flag": 3, "change_message": ""}}, {"model": "admin.logentry", "pk": 145, "fields": {"action_time": "2021-11-12T13:48:12.571Z", "user": 1, "content_type": 11, "object_id": "86", "object_repr": "OrderItem object (86)", "action_flag": 3, "change_message": ""}}, {"model": "admin.logentry", "pk": 146, "fields": {"action_time": "2021-11-12T13:48:12.572Z", "user": 1, "content_type": 11, "object_id": "85", "object_repr": "OrderItem object (85)", "action_flag": 3, "change_message": ""}}, {"model": "admin.logentry", "pk": 147, "fields": {"action_time": "2021-11-12T13:48:12.573Z", "user": 1, "content_type": 11, "object_id": "84", "object_repr": "OrderItem object (84)", "action_flag": 3, "change_message": ""}}, {"model": "admin.logentry", "pk": 148, "fields": {"action_time": "2021-11-12T13:48:12.575Z", "user": 1, "content_type": 11, "object_id": "83", "object_repr": "OrderItem object (83)", "action_flag": 3, "change_message": ""}}, {"model": "admin.logentry", "pk": 149, "fields": {"action_time": "2021-11-12T13:48:12.576Z", "user": 1, "content_type": 11, "object_id": "82", "object_repr": "OrderItem object (82)", "action_flag": 3, "change_message": ""}}, {"model": "admin.logentry", "pk": 150, "fields": {"action_time": "2021-11-12T13:48:12.578Z", "user": 1, "content_type": 11, "object_id": "81", "object_repr": "OrderItem object (81)", "action_flag": 3, "change_message": ""}}, {"model": "admin.logentry", "pk": 151, "fields": {"action_time": "2021-11-12T13:48:12.579Z", "user": 1, "content_type": 11, "object_id": "80", "object_repr": "OrderItem object (80)", "action_flag": 3, "change_message": ""}}, {"model": "admin.logentry", "pk": 152, "fields": {"action_time": "2021-11-12T14:01:23.294Z", "user": 1, "content_type": 8, "object_id": "37", "object_repr": "37", "action_flag": 3, "change_message": ""}}, {"model": "admin.logentry", "pk": 153, "fields": {"action_time": "2021-11-12T14:01:23.295Z", "user": 1, "content_type": 8, "object_id": "36", "object_repr": "36", "action_flag": 3, "change_message": ""}}, {"model": "admin.logentry", "pk": 154, "fields": {"action_time": "2021-11-12T14:01:23.297Z", "user": 1, "content_type": 8, "object_id": "35", "object_repr": "35", "action_flag": 3, "change_message": ""}}, {"model": "admin.logentry", "pk": 155, "fields": {"action_time": "2021-11-12T14:01:23.298Z", "user": 1, "content_type": 8, "object_id": "34", "object_repr": "34", "action_flag": 3, "change_message": ""}}, {"model": "admin.logentry", "pk": 156, "fields": {"action_time": "2021-11-12T14:01:29.697Z", "user": 1, "content_type": 11, "object_id": "93", "object_repr": "OrderItem object (93)", "action_flag": 3, "change_message": ""}}, {"model": "admin.logentry", "pk": 157, "fields": {"action_time": "2021-11-12T14:01:29.698Z", "user": 1, "content_type": 11, "object_id": "92", "object_repr": "OrderItem object (92)", "action_flag": 3, "change_message": ""}}, {"model": "admin.logentry", "pk": 158, "fields": {"action_time": "2021-11-12T14:01:29.699Z", "user": 1, "content_type": 11, "object_id": "91", "object_repr": "OrderItem object (91)", "action_flag": 3, "change_message": ""}}, {"model": "admin.logentry", "pk": 159, "fields": {"action_time": "2021-11-12T14:01:29.700Z", "user": 1, "content_type": 11, "object_id": "90", "object_repr": "OrderItem object (90)", "action_flag": 3, "change_message": ""}}, {"model": "admin.logentry", "pk": 160, "fields": {"action_time": "2021-11-12T14:01:29.702Z", "user": 1, "content_type": 11, "object_id": "89", "object_repr": "OrderItem object (89)", "action_flag": 3, "change_message": ""}}, {"model": "auth.permission", "pk": 1, "fields": {"name": "Can add log entry", "content_type": 1, "codename": "add_logentry"}}, {"model": "auth.permission", "pk": 2, "fields": {"name": "Can change log entry", "content_type": 1, "codename": "change_logentry"}}, {"model": "auth.permission", "pk": 3, "fields": {"name": "Can delete log entry", "content_type": 1, "codename": "delete_logentry"}}, {"model": "auth.permission", "pk": 4, "fields": {"name": "Can view log entry", "content_type": 1, "codename": "view_logentry"}}, {"model": "auth.permission", "pk": 5, "fields": {"name": "Can add permission", "content_type": 2, "codename": "add_permission"}}, {"model": "auth.permission", "pk": 6, "fields": {"name": "Can change permission", "content_type": 2, "codename": "change_permission"}}, {"model": "auth.permission", "pk": 7, "fields": {"name": "Can delete permission", "content_type": 2, "codename": "delete_permission"}}, {"model": "auth.permission", "pk": 8, "fields": {"name": "Can view permission", "content_type": 2, "codename": "view_permission"}}, {"model": "auth.permission", "pk": 9, "fields": {"name": "Can add group", "content_type": 3, "codename": "add_group"}}, {"model": "auth.permission", "pk": 10, "fields": {"name": "Can change group", "content_type": 3, "codename": "change_group"}}, {"model": "auth.permission", "pk": 11, "fields": {"name": "Can delete group", "content_type": 3, "codename": "delete_group"}}, {"model": "auth.permission", "pk": 12, "fields": {"name": "Can view group", "content_type": 3, "codename": "view_group"}}, {"model": "auth.permission", "pk": 13, "fields": {"name": "Can add user", "content_type": 4, "codename": "add_user"}}, {"model": "auth.permission", "pk": 14, "fields": {"name": "Can change user", "content_type": 4, "codename": "change_user"}}, {"model": "auth.permission", "pk": 15, "fields": {"name": "Can delete user", "content_type": 4, "codename": "delete_user"}}, {"model": "auth.permission", "pk": 16, "fields": {"name": "Can view user", "content_type": 4, "codename": "view_user"}}, {"model": "auth.permission", "pk": 17, "fields": {"name": "Can add content type", "content_type": 5, "codename": "add_contenttype"}}, {"model": "auth.permission", "pk": 18, "fields": {"name": "Can change content type", "content_type": 5, "codename": "change_contenttype"}}, {"model": "auth.permission", "pk": 19, "fields": {"name": "Can delete content type", "content_type": 5, "codename": "delete_contenttype"}}, {"model": "auth.permission", "pk": 20, "fields": {"name": "Can view content type", "content_type": 5, "codename": "view_contenttype"}}, {"model": "auth.permission", "pk": 21, "fields": {"name": "Can add session", "content_type": 6, "codename": "add_session"}}, {"model": "auth.permission", "pk": 22, "fields": {"name": "Can change session", "content_type": 6, "codename": "change_session"}}, {"model": "auth.permission", "pk": 23, "fields": {"name": "Can delete session", "content_type": 6, "codename": "delete_session"}}, {"model": "auth.permission", "pk": 24, "fields": {"name": "Can view session", "content_type": 6, "codename": "view_session"}}, {"model": "auth.permission", "pk": 25, "fields": {"name": "Can add customer", "content_type": 7, "codename": "add_customer"}}, {"model": "auth.permission", "pk": 26, "fields": {"name": "Can change customer", "content_type": 7, "codename": "change_customer"}}, {"model": "auth.permission", "pk": 27, "fields": {"name": "Can delete customer", "content_type": 7, "codename": "delete_customer"}}, {"model": "auth.permission", "pk": 28, "fields": {"name": "Can view customer", "content_type": 7, "codename": "view_customer"}}, {"model": "auth.permission", "pk": 29, "fields": {"name": "Can add order", "content_type": 8, "codename": "add_order"}}, {"model": "auth.permission", "pk": 30, "fields": {"name": "Can change order", "content_type": 8, "codename": "change_order"}}, {"model": "auth.permission", "pk": 31, "fields": {"name": "Can delete order", "content_type": 8, "codename": "delete_order"}}, {"model": "auth.permission", "pk": 32, "fields": {"name": "Can view order", "content_type": 8, "codename": "view_order"}}, {"model": "auth.permission", "pk": 33, "fields": {"name": "Can add product", "content_type": 9, "codename": "add_product"}}, {"model": "auth.permission", "pk": 34, "fields": {"name": "Can change product", "content_type": 9, "codename": "change_product"}}, {"model": "auth.permission", "pk": 35, "fields": {"name": "Can delete product", "content_type": 9, "codename": "delete_product"}}, {"model": "auth.permission", "pk": 36, "fields": {"name": "Can view product", "content_type": 9, "codename": "view_product"}}, {"model": "auth.permission", "pk": 37, "fields": {"name": "Can add shipping address", "content_type": 10, "codename": "add_shippingaddress"}}, {"model": "auth.permission", "pk": 38, "fields": {"name": "Can change shipping address", "content_type": 10, "codename": "change_shippingaddress"}}, {"model": "auth.permission", "pk": 39, "fields": {"name": "Can delete shipping address", "content_type": 10, "codename": "delete_shippingaddress"}}, {"model": "auth.permission", "pk": 40, "fields": {"name": "Can view shipping address", "content_type": 10, "codename": "view_shippingaddress"}}, {"model": "auth.permission", "pk": 41, "fields": {"name": "Can add order item", "content_type": 11, "codename": "add_orderitem"}}, {"model": "auth.permission", "pk": 42, "fields": {"name": "Can change order item", "content_type": 11, "codename": "change_orderitem"}}, {"model": "auth.permission", "pk": 43, "fields": {"name": "Can delete order item", "content_type": 11, "codename": "delete_orderitem"}}, {"model": "auth.permission", "pk": 44, "fields": {"name": "Can view order item", "content_type": 11, "codename": "view_orderitem"}}, {"model": "auth.permission", "pk": 45, "fields": {"name": "Can add evaluation", "content_type": 12, "codename": "add_evaluation"}}, {"model": "auth.permission", "pk": 46, "fields": {"name": "Can change evaluation", "content_type": 12, "codename": "change_evaluation"}}, {"model": "auth.permission", "pk": 47, "fields": {"name": "Can delete evaluation", "content_type": 12, "codename": "delete_evaluation"}}, {"model": "auth.permission", "pk": 48, "fields": {"name": "Can view evaluation", "content_type": 12, "codename": "view_evaluation"}}, {"model": "auth.user", "pk": 1, "fields": {"password": "pbkdf2_sha256$260000$ppCHTMKwXr90g9ZggjSSxI$olFUUV9azuzyGUeWb7JZmvQx6iS7J25zZgAjUFEy2aY=", "last_login": "2021-11-27T16:42:30.848Z", "is_superuser": true, "username": "uatla", "first_name": "", "last_name": "", "email": "inunes1904@gmail.com", "is_staff": true, "is_active": true, "date_joined": "2021-10-15T13:19:13Z", "groups": [], "user_permissions": []}}, {"model": "auth.user", "pk": 2, "fields": {"password": "pbkdf2_sha256$260000$Kruow66oPpdeyfflf8zElh$zrwbGZVa+rRBdi7znq+l9T3GaqOGriozGF3k61vKq5Y=", "last_login": "2021-10-19T13:18:10.491Z", "is_superuser": false, "username": "gabriel", "first_name": "", "last_name": "", "email": "20202518@uatla.pt", "is_staff": true, "is_active": true, "date_joined": "2021-10-19T13:13:41Z", "groups": [], "user_permissions": []}}, {"model": "auth.user", "pk": 10, "fields": {"password": "pbkdf2_sha256$260000$QHMz1e9vDZ96UDYF9ZkLcE$xznvhAH4Rpov2kb6G65L5p0Y8YFqAXI4QqyLsYr5LzI=", "last_login": null, "is_superuser": false, "username": "goncalo", "first_name": "Goncalo", "last_name": "", "email": "goncalo@gmail.com", "is_staff": false, "is_active": true, "date_joined": "2021-10-21T15:17:27.232Z", "groups": [], "user_permissions": []}}, {"model": "auth.user", "pk": 15, "fields": {"password": "pbkdf2_sha256$260000$vKUaJvvXO9APIq5am62rBT$zD2UK4Q0SHXjo0sHXeUeiEcHcgxae6COXUJawETmxwU=", "last_login": "2021-10-21T18:00:58.558Z", "is_superuser": false, "username": "andrecosta1", "first_name": "André", "last_name": "", "email": "20202601@uatla.pt", "is_staff": false, "is_active": true, "date_joined": "2021-10-21T17:15:22.002Z", "groups": [], "user_permissions": []}}, {"model": "auth.user", "pk": 16, "fields": {"password": "pbkdf2_sha256$260000$V55rwJ22FEQzUvgXNHPpFL$bkbPhKTm8tTU9GVE/X9hahEWmdm7OdCTvuIgc1x+yEQ=", "last_login": "2021-10-21T20:24:09.524Z", "is_superuser": false, "username": "josefernandes", "first_name": "jose", "last_name": "", "email": "jose@gmail.com", "is_staff": false, "is_active": true, "date_joined": "2021-10-21T20:23:55.673Z", "groups": [], "user_permissions": []}}, {"model": "contenttypes.contenttype", "pk": 1, "fields": {"app_label": "admin", "model": "logentry"}}, {"model": "contenttypes.contenttype", "pk": 2, "fields": {"app_label": "auth", "model": "permission"}}, {"model": "contenttypes.contenttype", "pk": 3, "fields": {"app_label": "auth", "model": "group"}}, {"model": "contenttypes.contenttype", "pk": 4, "fields": {"app_label": "auth", "model": "user"}}, {"model": "contenttypes.contenttype", "pk": 5, "fields": {"app_label": "contenttypes", "model": "contenttype"}}, {"model": "contenttypes.contenttype", "pk": 6, "fields": {"app_label": "sessions", "model": "session"}}, {"model": "contenttypes.contenttype", "pk": 7, "fields": {"app_label": "store", "model": "customer"}}, {"model": "contenttypes.contenttype", "pk": 8, "fields": {"app_label": "store", "model": "order"}}, {"model": "contenttypes.contenttype", "pk": 9, "fields": {"app_label": "store", "model": "product"}}, {"model": "contenttypes.contenttype", "pk": 10, "fields": {"app_label": "store", "model": "shippingaddress"}}, {"model": "contenttypes.contenttype", "pk": 11, "fields": {"app_label": "store", "model": "orderitem"}}, {"model": "contenttypes.contenttype", "pk": 12, "fields": {"app_label": "store", "model": "evaluation"}}, {"model": "sessions.session", "pk": "8q9giwccixiepdrihwgxay5xcbibfz4s", "fields": {"session_data": ".eJxVjL0OgjAYAN-ls2laKJY6uvMMzfdrUQMJhcn47krCoOvd5V4mw7aWvFVZ8sjmYrw5_TIEesi0C77DdJstzdO6jGj3xB622mFmeV6P9m9QoJZ96zjiOSpKm_rkWQg1oIhApwk6R94npsDUqmtIJajG-G0cYN81wZn3Bx8EOX8:1mlG3J:-Qn4vDHdV1PRnbQzTiA8aLzLZUx1grhV7iEJ7P9Hu40", "expire_date": "2021-11-25T19:48:05.799Z"}}, {"model": "sessions.session", "pk": "95fpgzwt8enr90etqac0oazv53hv0cry", "fields": {"session_data": ".eJxVjL0OgjAYAN-ls2laKJY6uvMMzfdrUQMJhcn47krCoOvd5V4mw7aWvFVZ8sjmYrw5_TIEesi0C77DdJstzdO6jGj3xB622mFmeV6P9m9QoJZ96zjiOSpKm_rkWQg1oIhApwk6R94npsDUqmtIJajG-G0cYN81wZn3Bx8EOX8:1ml9iT:3VwikvYxSq-Yh9qTASTTbmZLdoBp-v7ApYy1Xvb7knA", "expire_date": "2021-11-25T13:02:09.213Z"}}, {"model": "sessions.session", "pk": "dcuhlojm6nhw1bgkvxnbt1ws84jcxt80", "fields": {"session_data": ".eJxVjDsOwyAQBe9CHSHAfFOm9xkQyy7BSYQlY1dR7h4huUjaNzPvzWI69hqPTltckF2ZtOzyO0LKT2qD4CO1-8rz2vZtAT4UftLO5xXpdTvdv4Oaeh315D05ElrkogXZ7BSYJFFYKwlQieKsQyPBesDsM01BB-NVwgJeisA-XxBrOD4:1mdebh:tKAi9VmR_8rhV2Y4Fwk0sHotAUWTMPWQ1plD8mgqDJ4", "expire_date": "2021-11-04T20:24:09.526Z"}}, {"model": "sessions.session", "pk": "lk0frgk3v1ccn8pfc0y51a7j1ty9ai12", "fields": {"session_data": ".eJxVjL0OgjAYAN-ls2laKJY6uvMMzfdrUQMJhcn47krCoOvd5V4mw7aWvFVZ8sjmYrw5_TIEesi0C77DdJstzdO6jGj3xB622mFmeV6P9m9QoJZ96zjiOSpKm_rkWQg1oIhApwk6R94npsDUqmtIJajG-G0cYN81wZn3Bx8EOX8:1mktdT:N9DKABJCM7bnlNA-rPRWvulvcOk6E8ibfj0pJMyp_2I", "expire_date": "2021-11-24T19:51:55.645Z"}}, {"model": "sessions.session", "pk": "mmpdatbgtyfa0d7fcdm2rqyyl3zpun47", "fields": {"session_data": ".eJxVjL0OgjAYAN-ls2laKJY6uvMMzfdrUQMJhcn47krCoOvd5V4mw7aWvFVZ8sjmYrw5_TIEesi0C77DdJstzdO6jGj3xB622mFmeV6P9m9QoJZ96zjiOSpKm_rkWQg1oIhApwk6R94npsDUqmtIJajG-G0cYN81wZn3Bx8EOX8:1mlSp3:0VDb41wQuizrwyt_AUfFp5mxftX_xn_7uyv2dgkxXkI", "expire_date": "2021-11-26T09:26:13.362Z"}}, {"model": "sessions.session", "pk": "xk3si6vco6gdcha3nuvzpfe9iumllybt", "fields": {"session_data": "e30:1mlV7X:lq8gohC1YgGxg7gf_S_wZB6SmYfbxwALuuBC1jBhyF0", "expire_date": "2021-11-26T11:53:27.929Z"}}, {"model": "store.customer", "pk": 1, "fields": {"user": 1, "name": "uatla", "email": "20202567@uatla.pt"}}, {"model": "store.customer", "pk": 2, "fields": {"user": 2, "name": "Gabriel Sezaltino", "email": "20202518@uatla.pt"}}, {"model": "store.customer", "pk": 3, "fields": {"user": null, "name": "Andre Costinha", "email": "20202601@uatla.pt"}}, {"model": "store.customer", "pk": 4, "fields": {"user": null, "name": "Angelo Cunha", "email": "20202537@uatla.pt"}}, {"model": "store.customer", "pk": 5, "fields": {"user": null, "name": "Goncalo Bernardo", "email": "20202467@uatla.pt"}}, {"model": "store.customer", "pk": 6, "fields": {"user": null, "name": "Goncalo", "email": "goncalo@gmail.com"}}, {"model": "store.customer", "pk": 8, "fields": {"user": 15, "name": "André", "email": "20202601@uatla.pt"}}, {"model": "store.customer", "pk": 9, "fields": {"user": 16, "name": "jose", "email": "jose@gmail.com"}}, {"model": "store.customer", "pk": 10, "fields": {"user": null, "name": "Ivo Nunes", "email": "inunes1904@gmail.com"}}, {"model": "store.product", "pk": 1, "fields": {"name": "Franchise - Travis Scott Featuring Young Thug & M.I.A.", "price": "1.99", "digital": true, "image": "https://productplacementblog.com/wp-content/uploads/2020/09/Nike-Belt-of-Travis-Scott-in-FRANCHISE-feat.-Young-Thug-M.I.A.-2020.jpg"}}, {"model": "store.product", "pk": 2, "fields": {"name": "Dynamite - BTS", "price": "1.99", "digital": false, "image": "https://estaticos.efe.com/efecom/recursos2/imagen.aspx?-P-2fL4Jfo8HOMiP-P-2bwgNXUmIylnEICuYb7cHQ4TncnkXVSTX-P-2bAoG0sxzXPZPAk5l-P-2fU5UsS-P-2bYDZ0jaejrymYrtiAqjw-P-3d-P-3d"}}, {"model": "store.product", "pk": 3, "fields": {"name": "WAP - Cardi B Featuring Megan Thee Stallion", "price": "1.99", "digital": false, "image": "https://media3.giphy.com/media/3ohs7YOnjdgK53dpNm/giphy.gif"}}, {"model": "store.product", "pk": 4, "fields": {"name": "Laugh Now Cry Later - Drake Featuring Lil Durk", "price": "1.99", "digital": false, "image": "https://multiversomais.com/wp-content/uploads/2020/08/LIL-DURK-DRAKE-2020.jpg"}}, {"model": "store.product", "pk": 5, "fields": {"name": "Mood - 24kGoldn Featuring iann dior", "price": "1.99", "digital": false, "image": "https://i1.sndcdn.com/artworks-Qp1sHGrozXd2Oi56-xYpymA-t500x500.jpg"}}, {"model": "store.product", "pk": 6, "fields": {"name": "Watermelon Sugar - Harry Styles", "price": "1.99", "digital": false, "image": "https://upload.wikimedia.org/wikipedia/pt/4/41/Harry_Styles_-_Watermelon_Sugar.png"}}, {"model": "store.product", "pk": 7, "fields": {"name": "Eminem - Rap God", "price": "5.50", "digital": false, "image": "https://static.hiphopdx.com/2020/02/eminem-rap-god-video-e1581898441651-745x558.jpg"}}, {"model": "store.product", "pk": 8, "fields": {"name": "Snoop Dogg - CEO", "price": "3.10", "digital": false, "image": "https://cdn.vox-cdn.com/thumbor/ehIYNYv46eveWbgXfMrBWnYTk_Q=/0x667:2000x2000/1820x1213/filters:focal(0x667:2000x2000):format(webp)/cdn.vox-cdn.com/uploads/chorus_image/image/46522382/GettyImages-467066584.0.jpg"}}, {"model": "store.product", "pk": 9, "fields": {"name": "Dr. Dre Feat. Snoop Dogg: Still D.R.E.", "price": "1.00", "digital": false, "image": "https://upload.wikimedia.org/wikipedia/it/5/5b/Still_DRE.png"}}, {"model": "store.product", "pk": 10, "fields": {"name": "Groove Armada - My Friend", "price": "2.50", "digital": false, "image": "https://www.muzplay.net/sites/default/files/styles/vossen_395_271/public/posts/artistas2/groovearmada_55466.jpg?itok=Oatm4qw_"}}, {"model": "store.product", "pk": 11, "fields": {"name": "Be Kind - Marshmello & Halsey", "price": "2.00", "digital": false, "image": "https://p2.trrsf.com/image/fget/cf/548/0/images.terra.com/2020/07/30/marshmello-e-halsey-youtube.jpg"}}, {"model": "store.product", "pk": 12, "fields": {"name": "Perfect - Logic", "price": "1.00", "digital": false, "image": "https://m.powerofng.com/wp-content/uploads/2021/09/Logic-Perfect-Remix-ft.-Lil-Wayne-AAP-Ferg.jpg"}}, {"model": "store.product", "pk": 13, "fields": {"name": "Need It - Migos Featuring YoungBoy Never Broke Again", "price": "2.30", "digital": false, "image": "https://2ijxd1vc0bv3wzhy61w7mdyov9-wpengine.netdna-ssl.com/wp-content/uploads/2020/08/Screen-Shot-2020-08-21-at-2.53.05-PM-1536x1012.png"}}, {"model": "store.product", "pk": 14, "fields": {"name": "Something Special - Pop Smoke", "price": "6.50", "digital": true, "image": "https://i.redd.it/ahn6gihjx9451.jpg"}}, {"model": "store.product", "pk": 15, "fields": {"name": "Go! - Kid LAROI & Juice WRLD", "price": "1.40", "digital": false, "image": "https://www.nme.com/wp-content/uploads/2020/06/the-kid-laroi-juice-wrld-michael-tullman-john-shearer-1392x884.jpg"}}, {"model": "store.product", "pk": 16, "fields": {"name": "God Whispered Your Name - Keith Urban", "price": "1.43", "digital": false, "image": "https://countrynow.com/wp-content/uploads/2019/06/Keith-Urban-Photo-by-Andrew-Wendowski-2-770x519.jpg"}}, {"model": "store.product", "pk": 17, "fields": {"name": "Stuck With U - Ariana Grande & Justin Bieber", "price": "2.97", "digital": false, "image": "https://www.musiccorn.com/wp-content/uploads/2020/05/Stuck-with-U-Ariana-Grande-and-Justin-Bieber.jpg"}}, {"model": "store.product", "pk": 18, "fields": {"name": "Righteous - Juice WRLD", "price": "10.00", "digital": true, "image": "https://lab.fm/wp-content/uploads/2020/04/042420-Juice-WRLD-Righteous-YouTube.jpg"}}, {"model": "store.product", "pk": 19, "fields": {"name": "Don't Rush - Young T & Bugsey Featuring Headie One", "price": "1.40", "digital": false, "image": "https://i.scdn.co/image/73a1d63ed48375cfde414a0f4e6534248011139f"}}, {"model": "store.product", "pk": 20, "fields": {"name": "Mamacita - Black Eyed Peas, Ozuna + J.Rey Soul", "price": "4.50", "digital": false, "image": "https://i1.sndcdn.com/artworks-I54b6Czu5aUZ4vm4-21jZ6Q-t500x500.jpg"}}, {"model": "store.product", "pk": 21, "fields": {"name": "Life's A Mess - Juice WRLD X Halsey", "price": "1.50", "digital": false, "image": "https://i.ytimg.com/vi/6uNPlZJbkfs/maxresdefault.jpg"}}, {"model": "store.product", "pk": 22, "fields": {"name": "Why We Drink - Justin Moore", "price": "1.00", "digital": true, "image": "https://thebigtimeonline.com/wp-content/uploads/2019/09/jm-1200x642.jpg"}}, {"model": "store.product", "pk": 23, "fields": {"name": "Be A Light - Thomas Rhett Featuring Reba McEntire, Hillary Scott, Chris Tomlin & Keith Urban", "price": "3.66", "digital": false, "image": "https://i2.wp.com/www.lyricmagazine.co.uk/wp-content/uploads/2020/03/Collage-Fotor-6-770x426-1.jpg?resize=770%2C426&ssl=1"}}, {"model": "store.product", "pk": 24, "fields": {"name": "Toosie Slide - Drake", "price": "1.99", "digital": false, "image": "https://www.tenhomaisdiscosqueamigos.com/wp-content/uploads/2020/04/drake-tootsie-slide-1280x720.jpg"}}, {"model": "store.product", "pk": 25, "fields": {"name": "Conversations - Juice WRLD", "price": "3.77", "digital": true, "image": "https://i1.sndcdn.com/artworks-HjINypu10lZS3CKT-GXbb7g-t500x500.jpg"}}, {"model": "store.product", "pk": 26, "fields": {"name": "Hate The Other Side - Juice WRLD & Marshmello Featuring Polo G & The Kid LAROI", "price": "2.00", "digital": false, "image": "https://i1.sndcdn.com/artworks-va4Sc1gaa14Y2ihm-NiJ19w-t500x500.jpg"}}, {"model": "store.product", "pk": 27, "fields": {"name": "Hoax - Taylor Swift", "price": "1.50", "digital": false, "image": "https://socialnewsdaily.com/wp-content/uploads/2013/02/Taylor-Swift-Sex-Tape-Hoax.jpg"}}, {"model": "store.product", "pk": 28, "fields": {"name": "Walk Em Down - NLE Choppa Featuring Roddy Ricch", "price": "1.75", "digital": false, "image": "https://i1.sndcdn.com/artworks-o9BxzIM11kUvWAyY-7aaU5Q-t500x500.jpg"}}, {"model": "store.product", "pk": 29, "fields": {"name": "I Love My Country - Florida Georgia Line", "price": "2.70", "digital": false, "image": "https://i1.wp.com/www.thecountrynote.com/wp-content/uploads/2020/08/FloridaGeorgiaLine.jpg?resize=737%2C415&ssl=1AAYAQADAQEAAAAAA"}}, {"model": "store.product", "pk": 30, "fields": {"name": "Done - Chris Janson", "price": "5.00", "digital": true, "image": "http://cmt.mtvnimages.com/uri/mgid:ao:image:cmt.com:680504?width=1200&height=675&.jpg"}}, {"model": "store.product", "pk": 31, "fields": {"name": "Supalonely - BENEE Featuring Gus Dapperton", "price": "6.10", "digital": false, "image": "https://encrypted-tbn0.gstatic.com/images?q=tbn:ANd9GcSK8v-hf-isxbg4rCHQxvLAIFnRptNYIhacTo-QlBrlO6FAaYBiEx-PAonWNnROzFxO1Mg&usqp=CAU"}}, {"model": "store.product", "pk": 32, "fields": {"name": "Epiphany - Taylor Swift", "price": "2.60", "digital": false, "image": "https://metro.co.uk/wp-content/uploads/2020/07/SEI_34312207.jpg?quality=90&strip=all&zoom=1&resize=644%2C499"}}, {"model": "store.product", "pk": 33, "fields": {"name": "Emotionally Scarred - Lil Baby", "price": "5.00", "digital": true, "image": "https://i1.sndcdn.com/artworks-jvQblSTcorv9MzWz-UEzocA-t500x500.jpg"}}, {"model": "store.product", "pk": 34, "fields": {"name": "One Big Country Song - LOCASH", "price": "1.90", "digital": false, "image": "https://www.soundslikenashville.com/wp-content/uploads/2019/05/LOCASH-1-1557933088-1280x778.jpg"}}, {"model": "store.product", "pk": 35, "fields": {"name": "the.climb.back - J. Cole", "price": "1.20", "digital": false, "image": "https://media.pitchfork.com/photos/5dbe32efba7e000008b7b352/16:9/w_1280,c_limit/GettyImages-1125536194.jpg"}}, {"model": "store.product", "pk": 36, "fields": {"name": "Lion King On Ice - J. Cole", "price": "3.70", "digital": false, "image": "https://images.genius.com/c12396992f1b559057d173380ec3aff2.818x818x1.jpg"}}, {"model": "store.order", "pk": 38, "fields": {"customer": 1, "date_ordered": "2021-11-12T14:01:47.861Z", "complete": true, "transaction_id": "1636725723.189711"}}, {"model": "store.order", "pk": 39, "fields": {"customer": 1, "date_ordered": "2021-11-12T14:02:06.896Z", "complete": true, "transaction_id": "1636726623.030785"}}, {"model": "store.order", "pk": 40, "fields": {"customer": 1, "date_ordered": "2021-11-12T14:17:05.995Z", "complete": false, "transaction_id": null}}, {"model": "store.order", "pk": 41, "fields": {"customer": 10, "date_ordered": "2021-11-15T11:34:40.676Z", "complete": true, "transaction_id": "1636976080.669547"}}, {"model": "store.order", "pk": 42, "fields": {"customer": 10, "date_ordered": "2021-11-15T11:35:23.373Z", "complete": true, "transaction_id": "1636976123.368362"}}, {"model": "store.orderitem", "pk": 94, "fields": {"product": 2, "order": 38, "quantity": 1, "date_added": "2021-11-12T14:01:48.533Z"}}, {"model": "store.orderitem", "pk": 95, "fields": {"product": 3, "order": 38, "quantity": 1, "date_added": "2021-11-12T14:01:49.425Z"}}, {"model": "store.orderitem", "pk": 96, "fields": {"product": 1, "order": 39, "quantity": 1, "date_added": "2021-11-12T14:16:42.522Z"}}, {"model": "store.orderitem", "pk": 97, "fields": {"product": 1, "order": 41, "quantity": 1, "date_added": "2021-11-15T11:34:40.679Z"}}, {"model": "store.orderitem", "pk": 98, "fields": {"product": 1, "order": 42, "quantity": 3, "date_added": "2021-11-15T11:35:23.376Z"}}, {"model": "store.shippingaddress", "pk": 1, "fields": {"customer": 1, "order": null, "address": "Rua Dr. Joaquim Eleutério Gaspar Gomes, 51 - 3esq", "city": "Queluz", "state": "Region", "zipcode": "2745-134", "date_added": "2021-10-18T12:51:13.196Z"}}, {"model": "store.shippingaddress", "pk": 2, "fields": {"customer": 9, "order": null, "address": "Rua Dr. Joaquim Eleutério Gaspar Gomes, 51 - 3esq", "city": "Queluz", "state": "Region", "zipcode": "2745-134", "date_added": "2021-10-21T20:25:25.856Z"}}, {"model": "store.shippingaddress", "pk": 3, "fields": {"customer": 10, "order": null, "address": "Rua Dr. Joaquim Eleutério Gaspar Gomes, 51 - 3esq", "city": "Queluz", "state": "Region", "zipcode": "2745-134", "date_added": "2021-11-05T15:40:05.637Z"}}, {"model": "store.shippingaddress", "pk": 4, "fields": {"customer": 10, "order": null, "address": "Rua Dr. Joaquim Eleutério Gaspar Gomes, 51 - 3esq", "city": "Queluz", "state": "Region", "zipcode": "2745-134", "date_added": "2021-11-05T15:41:58.121Z"}}, {"model": "store.shippingaddress", "pk": 5, "fields": {"customer": 1, "order": null, "address": "Rua Dr. Joaquim Eleutério Gaspar Gomes, 51 - 3esq", "city": "Queluz", "state": "Region", "zipcode": "2745-134", "date_added": "2021-11-12T13:24:10.631Z"}}, {"model": "store.shippingaddress", "pk": 6, "fields": {"customer": 1, "order": null, "address": "Rua Dr. Joaquim Eleutério Gaspar Gomes, 51 - 3esq", "city": "Queluz", "state": "Region", "zipcode": "2745-134", "date_added": "2021-11-12T13:34:40.647Z"}}, {"model": "store.shippingaddress", "pk": 7, "fields": {"customer": 1, "order": null, "address": "Rua Dr. Joaquim Eleutério Gaspar Gomes, 51 - 3esq", "city": "Queluz", "state": "Region", "zipcode": "2745-134", "date_added": "2021-11-12T13:37:21.383Z"}}, {"model": "store.shippingaddress", "pk": 8, "fields": {"customer": 10, "order": null, "address": "Rua Dr. Joaquim Eleutério Gaspar Gomes, 51 - 3esq", "city": "Queluz", "state": "Region", "zipcode": "2745-134", "date_added": "2021-11-12T13:58:03.067Z"}}, {"model": "store.shippingaddress", "pk": 9, "fields": {"customer": 1, "order": 38, "address": "Rua Dr. Joaquim Eleutério Gaspar Gomes, 51 - 3esq", "city": "Queluz", "state": "Region", "zipcode": "2745-134", "date_added": "2021-11-12T14:02:05.025Z"}}, {"model": "store.evaluation", "pk": 16, "fields": {"product": 1, "customer": 1, "comment": "Excellent Product by the way", "product_evaluation": "excellent"}}, {"model": "store.evaluation", "pk": 17, "fields": {"product": 1, "customer": 1, "comment": "Excellent Product by the way", "product_evaluation": "excellent"}}, {"model": "store.evaluation", "pk": 18, "fields": {"product": 1, "customer": 1, "comment": "Excellent Product by the way", "product_evaluation": "excellent"}}, {"model": "store.evaluation", "pk": 19, "fields": {"product": 1, "customer": 1, "comment": "Excellent Product by the way", "product_evaluation": "excellent"}}, {"model": "store.evaluation", "pk": 20, "fields": {"product": 1, "customer": 1, "comment": "Excellent Product by the way", "product_evaluation": "excellent"}}, {"model": "store.evaluation", "pk": 21, "fields": {"product": 1, "customer": 1, "comment": "Excellent Product by the way", "product_evaluation": "excellent"}}, {"model": "store.evaluation", "pk": 22, "fields": {"product": 1, "customer": 1, "comment": "Excellent Product by the way", "product_evaluation": "excellent"}}, {"model": "store.evaluation", "pk": 23, "fields": {"product": 1, "customer": 1, "comment": "Excellent Product by the way", "product_evaluation": "excellent"}}, {"model": "store.evaluation", "pk": 24, "fields": {"product": 1, "customer": 1, "comment": "Excellent Product by the way", "product_evaluation": "excellent"}}, {"model": "store.evaluation", "pk": 25, "fields": {"product": 1, "customer": 1, "comment": "Excellent Product by the way", "product_evaluation": "excellent"}}, {"model": "store.evaluation", "pk": 26, "fields": {"product": 1, "customer": 1, "comment": "Excellent Product by the way", "product_evaluation": "excellent"}}, {"model": "store.evaluation", "pk": 27, "fields": {"product": 1, "customer": 1, "comment": "Excellent Product by the way", "product_evaluation": "excellent"}}, {"model": "store.evaluation", "pk": 28, "fields": {"product": 1, "customer": 1, "comment": "Excellent Product by the way", "product_evaluation": "excellent"}}, {"model": "store.evaluation", "pk": 29, "fields": {"product": 1, "customer": 1, "comment": "Excellent Product by the way", "product_evaluation": "excellent"}}, {"model": "store.evaluation", "pk": 30, "fields": {"product": 1, "customer": 1, "comment": "Excellent Product by the way", "product_evaluation": "excellent"}}, {"model": "store.evaluation", "pk": 31, "fields": {"product": 1, "customer": 1, "comment": "Excellent Product by the way", "product_evaluation": "excellent"}}, {"model": "store.evaluation", "pk": 32, "fields": {"product": 1, "customer": 1, "comment": "wwrtertret", "product_evaluation": "excellent"}}, {"model": "store.evaluation", "pk": 33, "fields": {"product": 2, "customer": 1, "comment": "I really like this product", "product_evaluation": "great"}}, {"model": "store.evaluation", "pk": 34, "fields": {"product": 2, "customer": 1, "comment": "Thi product is Great", "product_evaluation": "great"}}, {"model": "store.evaluation", "pk": 35, "fields": {"product": 2, "customer": 1, "comment": "I dont like", "product_evaluation": "bad"}}, {"model": "store.evaluation", "pk": 36, "fields": {"product": 2, "customer": 1, "comment": "I dont like", "product_evaluation": "bad"}}, {"model": "store.evaluation", "pk": 37, "fields": {"product": 2, "customer": 1, "comment": "I dont like", "product_evaluation": "bad"}}, {"model": "store.evaluation", "pk": 38, "fields": {"product": 2, "customer": 1, "comment": "Dont like", "product_evaluation": "bad"}}, {"model": "store.evaluation", "pk": 39, "fields": {"product": 2, "customer": 1, "comment": "Dont like", "product_evaluation": "bad"}}, {"model": "store.evaluation", "pk": 40, "fields": {"product": 2, "customer": 1, "comment": "Dont like", "product_evaluation": "bad"}}, {"model": "store.evaluation", "pk": 41, "fields": {"product": 3, "customer": 1, "comment": "A good Product", "product_evaluation": "good"}}]